007 Legends (Europe) (En,Fr,De)	66FCCB31D608686AB237B2A987E24FE2
007 Legends (USA) (En,Fr)	C47AB82D4AA06B2E87F717370A6961BE
ABC Wipeout - Create & Crash (USA)	86BEE3E99FA8DC9879FED7B8C1089A22
ABC Wipeout 3 (USA)	F23D561665D70B43CBE810E6834703AD
Adventure Time - Explore the Dungeon Because I Don't Know! (Europe) (En,Fr,De,Es,It)	9B4266FF9279CD58D03CDB16BF77FED4
Adventure Time - Explore the Dungeon Because I Don't Know! (USA) (En,Fr,Es)	FA005119B635F34AFEAB081FD394F787
Adventure Time - Finn & Jake Investigations (Europe) (En,Fr,De,Es,It)	B18CB36E3DDDE626B5BBA1DC33810F6E
Adventure Time - Finn & Jake Investigations (USA) (En,Fr,Es,Pt)	20E82EF763265E8F67DCCA2FB2400935
Amazing Spider-Man 2, The (Europe) (En,Fr,De,Es,It)	00057DE864AE390ACC8C7944D962094F
Amazing Spider-Man 2, The (USA) (En,Fr)	4FA6B1578CBD5FCD2CB83B2E8FD56DF3
Amazing Spider-Man, The - Ultimate Edition (Europe) (En,Fr,De,Es,It)	296D8DF4FE52998FD2B998A517476464
Amazing Spider-Man, The - Ultimate Edition (USA) (En,Fr,Es)	4ABDB6379B4D658F89A609364C40E965
Angry Birds Star Wars (Europe) (En,Fr,De,Es,It)	2AA9774322E92B25704B67CDC905E6E9
Angry Birds Star Wars (USA) (En,Fr,Es,Pt)	58CB15E60F95130419FE191053B3DC26
Angry Birds Trilogy (Europe) (En,Fr,De,Es,It)	29858AA7F788DE0F391CE445F6541EFD
Angry Birds Trilogy (USA) (En,Fr)	7EA4C6CB6C8BA6D35DF143E412A80145
Animal Crossing - Amiibo Festival (Europe) (En,Fr,De,Es,It,Nl,Pt,Ru)	95359DC054F6E2DC6E52D529E4E6808E
Animal Crossing - Amiibo Festival (USA) (En,Fr,Es)	16B082089AACC6291252D97C42433F29
Art Academy - Atelier (Europe) (En,Fr,De,Es,It,Nl,Pt,Ru)	ED9866B36A2F08AC1F7FC42D37726AB8
Assassin's Creed III (Europe) (En,Fr,De,Es,It,Nl,Ru)	2418CE5ED5D2B4255F4538398DD50533
Assassin's Creed III (Japan)	96A8D6F5979162C3AE96C74D7C0F6E4C
Assassin's Creed III (USA) (En,Fr,Es,Pt)	6F05B63733AD3C0E5ED936538AC17AEA
Assassin's Creed IV - Black Flag (Europe) (En,Fr,De,Es,It,Nl,Ru)	BF9D4229CE4224160273ACA9A1AC9FC9
Assassin's Creed IV - Black Flag (Japan)	E9F29B718D7FD92CBF0850681AA36265
Assassin's Creed IV - Black Flag (USA) (En,Fr,Es,Pt)	22FAE6CF34E739A9121871EF52215446
Axiom Verge (USA) (En,Fr,De,Es,It,Pt)	81F6771294D790C1CF30B38E231D482F
Baila Latino (Europe) (En,Fr,De,Es,It)	B0D80A913BE3203CDA0A053AAE747CA0
Barbie & Her Sisters - Puppy Rescue (Europe) (En,Fr,De,Es,It)	30701EC65DB293EF5298579748327C5F
Barbie & Her Sisters - Puppy Rescue (USA) (En,Fr,Es,Pt)	80F561B86E0ED79EC476C5D29FEA4293
Barbie Dreamhouse Party (Europe) (En,Fr,De,Es,It,Nl,Sv,No,Da,Fi)	9E9F15E7447E5291028BE7E90D7546B6
Barbie Dreamhouse Party (USA) (En,Fr,Es)	3EC468E59B07430CEE4D215BC80BD4CB
Batman - Arkham City - Armored Edition (Japan)	FC923580CE50D20C58DE8B4EC605CA31
Batman - Arkham City - Armored Edition (USA) (En,Fr,Es,Pt)	F495168B83265ED3E923AC0F31BBC8A3
Batman - Arkham City - Armoured Edition (Europe) (En,Fr,De,Es,It,Ru)	2B2380682DF26A60860FD7C8913E0EA1
Batman - Arkham Origins (Europe) (En,Fr,De,Es,It,Ru)	3342769247F00871EC6C564466213149
Batman - Arkham Origins (Japan)	7241D87E2E3342E82B59EEE1A26BE57F
Batman - Arkham Origins (USA) (En,Fr,Es)	2B08C21C6BF82ABACBD55CE2D395E641
Bayonetta (Europe) (En,Ja,Fr,De,Es,It)	16A566EC4C3B70C1C8CEB6161A03D584
Bayonetta (Japan) (Rev 1)	4982C37ED82A7E88A9A509FF6D7BB8FC
Bayonetta (USA) (En,Ja,Fr,De,Es,It)	FD196BDA8F6C5D066A72AA5BBC47BFB6
Bayonetta 2 (Europe) (En,Ja,Fr,De,Es,It)	B853D6DECD67E4D65E554B9CA43AADAD
Bayonetta 2 (Japan)	ED28A0DCB0FEE437817A3A4D5ACA06B2
Bayonetta 2 (USA) (En,Ja,Fr,De,Es,It)	33FBCA056FF816070156CB917A9F32E7
Ben 10 - Omniverse (Europe) (En,Fr,De,Es,It,Ru)	82BEC6548650FD19723DBAD0BFE36A89
Ben 10 - Omniverse (USA) (En,Fr,Es)	F56A6AFF51D08844A9D5D7F41007FC05
Ben 10 - Omniverse 2 (Europe) (En,Fr,De,Es,It)	0A3BB62D36D58BBC28BF0C35E6A21FA1
Ben 10 - Omniverse 2 (USA) (En,Fr,Es)	2E45D889B86A79EE908E5A6D184A2191
Biohazard - Revelations - Unveiled Edition (Japan) (Rev 1)	9DA3B377204DF8A3F8F5D1257230CFB0
Book of Unwritten Tales 2, The (Europe) (En,Fr,De,Es,It)	14F082287DFD703D7542175662966C8F
Book of Unwritten Tales 2, The (USA) (En,Fr,De,Es,It,Pl)	3A6D8BD4C4B62F1725393B59AC2AFA8F
Brunswick Pro Bowling (USA)	94D5E010B4206B234EA75DCFD1D008DA
Cabela's Big Game Hunter - Pro Hunts (USA)	145ECFE4E08D8A49D9CC26889649548B
Cabela's Dangerous Hunts 2013 (Europe) (En,Fr,De,It)	7E896C68D03FEF909506581C3966BD8D
Cabela's Dangerous Hunts 2013 (USA) (En,Fr)	32E0312D06CE02CCE01063DAAC90E046
Call of Duty - Black Ops II (Europe) (En,Fr)	93833744B0235855180D081C843960CC
Call of Duty - Black Ops II (Europe) (Es,It)	37C32E8F6505735531D8003A3D227204
Call of Duty - Black Ops II (Germany)	705E53DBB02D5265607589836BBC5AE4
Call of Duty - Black Ops II (Japan) (En,Ja)	D7438D2A064469A2D531EDF587392E58
Call of Duty - Black Ops II (USA) (En,Fr)	638B01F6669FDEC181AE664CF28E2D5D
Call of Duty - Ghosts (Europe) (En,Fr,De)	DE1903D6F204CA6A3A2FE8BF656DA3B8
Call of Duty - Ghosts (Europe) (Es,It)	E57BD73E0832B05080C272BA032A61C0
Call of Duty - Ghosts (Japan)	6F48FB607DC2C18E9B2D31EA18FAE591
Call of Duty - Ghosts (USA) (En,Fr)	28512A78013B127E418F02A1F45EFB99
Captain Toad - Treasure Tracker (Europe) (En,Fr,De,Es,It)	C253B04725C95C344AC158E7C5C93A48
Captain Toad - Treasure Tracker (Europe) (En,Fr,De,Es,It) (Rev 1)	587D1C8E83416D8CAB35C4F0215253F9
Captain Toad - Treasure Tracker (USA) (En,Fr,Es)	EC2EFF7E309ABC8510D5C023BD35061C
Captain Toad - Treasure Tracker (USA) (En,Fr,Es) (Rev 1)	F98EC296D97D954234FA865DEA5F3139
Cocoto Magic Circus 2 (Europe) (En,Fr,De,Es,It,Nl,Pt)	F79DB3393FA252152FDD22723C4AC11D
Dairantou Smash Brothers for Wii U (Japan)	DF3CF8640E845D777BC139E12467CD99
Dairantou Smash Brothers for Wii U (Japan) (Rev 1)	26BBF43413CE0AA229D260C696FDE3F6
Dairantou Smash Brothers for Wii U (Japan) (Rev 7)	9260AC0F1AEEC4231A3D2A159DFF240F
Darksiders - Warmastered Edition (Europe) (En,Fr,De,Es,It,Pt,Zh,Pl,Ru,Cs)	DE2BF9C27A56C7C71638D22B90CF7BA6
Darksiders - Warmastered Edition (USA) (En,Ja,Fr,De,Es,It,Pt,Zh,Ko,Pl,Ru,Cs)	153BACF6F36AACE6C3BFBA3CCC11E4DB
Darksiders II (Europe) (En,Fr,De,Es,It)	7C2CB2EB3B4309E3FCCC6E602B9D2946
Darksiders II (USA) (En,Fr,Es)	BE7E3754CCF7CF1A1555B98158EFC7AC
Deus Ex - Human Revolution - Director's Cut (Europe) (En,Fr,De,Es,It)	50E694367E63233FECC76609E2229B65
Deus Ex - Human Revolution - Director's Cut (USA) (En,Fr,Es)	B788C3B24A1EF31A1777D0E6D5D18101
Devil's Third (Europe) (En,Fr)	92BEDF1789CC99D9D94FF7C8C99358C3
Devil's Third (Japan)	4433593D7484E13278AB6816E032B3CD
Devil's Third (USA) (En,Fr)	0FE7F02021AD845BE19CFE06A16A2B7B
Disney DuckTales - Remastered (USA) (En,Fr,Es,Pt)	85DE1B56166D1C02975C6CD18D860E6E
Disney Epic Mickey 2 - Futatsu no Chikara (Japan)	8D83C3DE575519612B6B1D55799DDBA4
Disney Epic Mickey 2 - The Power of Two (Europe) (En,Es)	0EB0A51807AE8D8A468A282EEBE7DC3A
Disney Epic Mickey 2 - The Power of Two (Europe) (En,Fr,De,Es,It,Pt)	6F7339B2C8EBB09DE2AA0C2182861E2F
Disney Epic Mickey 2 - The Power of Two (Scandinavia) (En,Sv,No,Da)	A75109D83152F41A22466C45353F2DD7
Disney Epic Mickey 2 - The Power of Two (USA) (En,Fr,Es)	6C2E39E4146816F73BE0D03D7EA984AE
Disney Infinity (Europe) (En,Fr,De,Es,It,Nl)	7FE9A20194E6A4F00A6998C1AF780F4B
Disney Infinity (Japan)	02FCDF0964FF6353758B3763F9E4DB5E
Disney Infinity (Scandinavia) (En,Sv,No,Da,Fi)	813186930B3DF0E67B4CA43D6B4E4384
Disney Infinity (USA) (En,Fr,Es,Pt)	7484BCA3FFA0E4F1B04559C9710D5C51
Disney Infinity 2.0 - Play Without Limits (Europe) (En,Fr,De,Es,It,Nl)	BE85341F2FA8A3A10ED79FC68AE1CA91
Disney Infinity 2.0 - Play Without Limits (Europe) (En,Fr,De,Es,It,Nl) (Rev 1)	A48E77661BE6AC3ADB567863F54E37FA
Disney Infinity 2.0 - Play Without Limits (Scandinavia) (En,Sv,No,Da,Fi) (Rev 2)	0E2743E90CA8ABCE022C02E0A2CADB19
Disney Infinity 2.0 Edition (USA) (En,Fr,Es,Pt)	9F5BB173818FD16BB9B5903AC4D3F87C
Disney Infinity 2.0 Edition (USA) (En,Fr,Es,Pt) (Rev 1)	511C84A646680AF68ADA7CA2E681327C
Disney Infinity 3.0 (Japan)	376BFEF2B9F0152B01F3EB2ACEB9641C
Disney Infinity 3.0 - Play Without Limits (Europe) (En,Fr,De,Es,It,Nl)	C904F883338E3EF7A16A70DD863B97FF
Disney Infinity 3.0 - Play Without Limits (Scandinavia) (En,Sv,No,Da,Fi)	2C8BDA374FCE4CE184230C3C0E0ADBCB
Disney Infinity 3.0 Edition (USA) (En,Fr,Es)	F3F8ABF939D76D2A9A91EF48FE2975A4
Disney Infinity 3.0 Edition (USA) (En,Fr,Es) (Rev 2)	DE4506B38CF2D833D869E756A6EF8DEB
Disney Phineas and Ferb - Quest for Cool Stuff (Europe) (En,Fr,De,Es,It)	49A92B251174F9A4F52E61476AC8C45F
Disney Phineas and Ferb - Quest for Cool Stuff (USA)	A9093884399F81BDF79DB4D53B42CBA4
Disney Planes (Europe) (En,Fr,De,Es,It,Nl)	F21A316DEB6DCF5C4E69744071E1A682
Disney Planes (Russia)	467732A2D00676974D3E967B2A74084E
Disney Planes (Scandinavia) (En,Sv,No,Da,Fi)	051C976049EFCE9C346B317F97387336
Disney Planes (USA) (En,Fr,Es,Pt)	7C93CB4C99EA5471108749B803EFDDAF
Disney Planes - Fire & Rescue (Europe) (En,Fr,De,Es,It)	431EF94870E9AAE162A12B56DF412467
Disney Planes - Fire & Rescue (USA) (En,Fr,Es,Pt)	7198BB9B17996115F28C1254C6314B00
Disney-Pixar Cars 3 - Driven to Win (Europe) (En,Fr,De,Es,It,Nl,Pl,Ru)	DCA5A5FE6E3B548C5334E45FDB11BF47
Disney-Pixar Cars 3 - Driven to Win (USA) (En,Fr,Es,Pt)	4EE72451FA201C9A41AF42158F653F64
Donkey Kong - Tropical Freeze (Japan) (Rev 1)	A57D6683294AFB43E5B55FE4107B961E
Donkey Kong - Tropical Freeze (Japan) (Rev 3)	7E5FF54C9F26B2E9A22E8E5B1C0D06D9
Donkey Kong Country - Tropical Freeze (Europe) (En,Fr,De,Es,It)	1658AD6A6101B5E3B305693255F47A5D
Donkey Kong Country - Tropical Freeze (Europe) (En,Fr,De,Es,It) (Rev 1)	519DCC62BDCCB6EB76F0A5699BC61398
Donkey Kong Country - Tropical Freeze (USA) (En,Fr,Es)	77F51431746983AEA501D1EACB8DAF54
Donkey Kong Country - Tropical Freeze (USA) (En,Fr,Es) (Rev 1)	51270B509FD3811776983D684D3F3D58
Doubutsu no Mori - Amiibo Festival (Japan)	105BA7E21A36E4634F6EEB23E6E42E23
Dragon Quest X - 5000-nen no Tabiji - Haruka naru Kokyou e Online (Japan)	7DC25F0A3559FD9A8F1419B03C3921EA
Dragon Quest X - All in One Package (Japan) (BDQJ)	7750E7033CCC4E61C4BAB3965C86AA94
Dragon Quest X - All in One Package (Japan) (BTPJ)	8D0D89D6657B29A4092E0BFA3758976F
Dragon Quest X - All in One Package Version 1-Version 4 (Japan)	E19F8536F13DA284A99FDF37ACE17DA3
Dragon Quest X - Inishie no Ryuu no Denshou Online (Japan)	A8EFFE7FFDDFB6841DE99547A829D050
Dragon Quest X - Mezameshi Itsutsu no Shuzoku Online (Japan) (Rev 1)	B8DF03A9C0D4A236AD8E9D90DABE3D1F
Dragon Quest X - Nemureru Yuusha to Michibiki no Meiyuu Online (Japan) (Rev 10)	AD7FFDEE3943DEADF367ADE0914D61E9
DreamWorks How to Train Your Dragon 2 (Europe) (En,Fr,De,Es,It,Pt)	F436867A48CCF48DE874D968A35452F3
DreamWorks How to Train Your Dragon 2 (USA)	3C6FD661B3405DAB0A9DDF73784225E8
DreamWorks Kung Fu Panda - Showdown of Legendary Legends (Europe) (En,Fr,De,Es,It)	C04474179A6897F7CE7FAA7DEF054DAF
DreamWorks Kung Fu Panda - Showdown of Legendary Legends (USA) (En,Fr,Es,Pt)	2F8B97B6E02184F19D7D6A191DFADB68
DreamWorks Penguins of Madagascar (Europe) (En,Fr,De,Es,It)	7CF7EB668F55E41289A64A8D3EEA4088
DreamWorks Penguins of Madagascar (USA) (En,Fr,Es,Pt)	6922B328F009D2ECBE58A45C426E50C3
DreamWorks Rise of the Guardians (Europe) (En,Fr,De,Es,It)	348A322F3CFF463F7D74AA4DD5984EE8
DreamWorks Rise of the Guardians (USA) (En,Fr,Es)	ED811CA5ECF47D699DCC231A247E32AF
DreamWorks The Croods - Prehistoric Party! (Europe) (En,Fr,De,Es,It)	1CABEF8B18D8DA01A04F6642B72ECD1B
DreamWorks The Croods - Prehistoric Party! (USA) (En,Fr,Es)	57A33E461FBE8CFF8A9B681BE7004077
DreamWorks Turbo - Super Stunt Squad (Europe) (En,Fr,De,Es,It)	1618B50AE8C5DE5174D6A1189A8F83A8
DreamWorks Turbo - Super Stunt Squad (USA) (En,Fr,Es)	0D98C64CC900BCB607F67BDDCD126C0A
ESPN Sports Connection (USA) (En,Fr,Es,Pt)	31F987636FFE9DCD909CF6AB8615F979
F1 Race Stars - Powered Up Edition (Japan) (Rev 1)	DFB37DA5E5C0FE4DFA0034D29C7936FC
Famicom Remix 1 + 2 (Japan)	40C4E101ED508CC78D71C8E0558EDE20
Family Party - 30 Great Games - Obstacle Arcade (Europe) (En,Fr,De,Es,It)	117C338BADC083382C84075283E70352
Family Party - 30 Great Games - Obstacle Arcade (USA) (En,Fr,Es)	1D474D9D50A0B8EF985F1D70CF864F13
Fast & Furious - Showdown (Europe) (En,Fr,De,Es,It)	84086A1950EA1BB4466B29383D406203
Fast & Furious - Showdown (USA) (En,Fr)	E7211E4429E577AA5A1926BFD8D2AC16
Fast Racing Neo (Europe) (En,Fr,De,Es,It)	250A56CDAC18520D4DEA2A6DC01F01FE
FIFA 13 (Europe) (En,Fr,De,Es,It,Nl)	DDBBF08BEA0402434BD838BC001CFE08
FIFA 13 - World Class Soccer (Japan)	60032BD1B4879D82B43A130134D3A6DB
FIFA Soccer 13 (USA) (En,Fr,Es)	4F2E852079006A2DBAA5A1B2FE495B53
Finding Teddy II - Definitive Edition (Europe) (En,Fr,De,Es,It,Pt,Ru)	90813C325360709AF04B9813A36DBC2A
Fit Music for Wii U (Europe) (En,Fr,De,Es,It)	0BD79CCD34F81C08B6846E75262D3FB7
Fujiko F. Fujio Characters Daishuugou! SF Dotabata Party!! (Japan)	C03D55E9B6A3A634A90FAECE3DE4AE41
Funky Barn (Europe) (En,Fr,De,Es,It)	CAC539B43AF3C6FDE1043F9842AF2D0D
Funky Barn (USA) (En,Fr,Es) (Rev 1)	17A999300C51E58319324A7D6D597DEC
Game & Wario (Europe) (En,Fr,De,Es,It,Nl,Pt,Ru)	1E3FECADEC1D1C7A4E2361442E5DD792
Game & Wario (Japan) (Rev 1)	9F5DA65724E1DDA71C03B4AF4EDB42F4
Game & Wario (USA) (En,Fr,Es)	694A029C585908E2EE50D1DD312537AD
Game Party Champions (Europe) (En,Fr,De,Es,It,Nl)	49B33D9232B5FC83851879D21FADBF54
Game Party Champions (USA) (En,Fr,Es)	40A732A56B394B3B007E2ED98BB85363
Gen'ei Ibunroku FE (Japan)	DEA78B121EC337A44D3C47089BF185AE
Giana Sisters - Twisted Dreams - Director's Cut (USA) (En,Fr,Es)	B3A1867458F124F074EF7B9220E82C8F
Ginsei Shougi - Kyoutendo Toufuu Raijin (Japan)	9BF575165E55181567E5D626DB7EAFF4
Gotouchi Tetsudou - Gotouchi Chara to Nippon Zenkoku no Tabi (Japan)	BDEB2EEC864939FA3AE5F5747B775FF5
Guitar Hero Live (Europe) (En,Fr,De,Es,It)	1F39C674A27A04FDE5A911745B6F400D
Guitar Hero Live (USA) (En,Fr,Es)	E01267E21C79457A07D83F27903AA179
Hello Kitty Kruisers (Europe) (En,Fr,De,Es,It)	144F338DD7C293E7795E1064B5F8A2A3
Hello Kitty Kruisers (USA)	8C2E63131C945F410335FED95541020E
Hot Wheels - World's Best Driver (Europe) (En,Fr,De,Es,It,Nl)	8299891361C5E8477012DBD7987811A9
Hot Wheels - World's Best Driver (USA) (En,Fr,Es,Pt)	34C3A3922EE522BDFFD96777E5F38B2B
Hunter's Trophy 2 - Europa (Europe) (En,Fr,De,Es,It)	EDE18CCF68518299AF69380EE1371092
Hyrule Warriors (Europe) (En,Fr,De,Es,It)	2AA5EBB4CA3D84DAF571C851444FFDDE
Hyrule Warriors (Europe) (En,Fr,De,Es,It) (Rev 1)	DC854BFD30011F32FE2520ADF0BFAEC4
Hyrule Warriors (USA) (En,Fr,Es)	D944752E6BEE9CD3DD0E8269E575504D
Hyrule Warriors (USA) (En,Fr,Es) (Rev 1)	485CB78A3A34CA6915BD2A4F645A52C4
Injustice - Gods Among Us (Europe) (En,Fr,De,Es,It,Ru)	C186F2EE3CE0E4ABF395846D3295E140
Injustice - Gods Among Us (USA) (En,Fr,Es,Pt)	5CBC09892FE0C94D6C94C84C3A0A0DA8
Injustice - Hero no Gekitotsu (Japan)	48CD2897BF0E147F348D05A108A9135B
Jeopardy! (USA)	C142494E739619BAD4FE994A6865B21D
Jett Tailfin (Europe) (En,Fr,De,Es,It)	94FE065D91E228F8408D88DB9FFBDC20
Jikkuri Egokoro Kyoushitsu (Japan) (Rev 1)	AC89802FCC5AC4A09047BC852C4F2284
Just Dance - Disney Party 2 (Europe) (En,Fr,De,Es,It)	5A105E3CD2DBC6D4DEF80A83F7E7312F
Just Dance - Disney Party 2 (USA) (En,Fr,De,Es,It,Pt)	F15C8EBC6473E2F932C702AD5936B70B
Just Dance 2014 (Europe) (En,Fr,De,Es,It,Nl)	290227DF9A4C39DFA329B79F3BA67C40
Just Dance 2014 (USA) (En,Fr,Es,Pt)	2432B8672C625CDA87A21CC2DB89A971
Just Dance 2015 (Europe) (En,Fr,De,Es,It,Nl)	A44BED3797CE08487560C37C437C9315
Just Dance 2015 (USA) (En,Fr,Es,Pt)	3279FD7CB316491385F964F71CCD6BB9
Just Dance 2016 (Europe) (En,Fr,De,Es,It,Nl)	BA3A06F9DAB9E0EE9B175ABF4A05E1B3
Just Dance 2016 (USA) (En,Fr,Es,Pt)	32D431DCACA4C7564DC7F4DE1310BD26
Just Dance 2017 (Europe) (En,Fr,De,Es,It,Nl)	57127E3987CD6181907F162BAE3B0463
Just Dance 2017 (USA) (En,Fr,Es,Pt)	A3BAB824BBE1AB495B0E5C2EB3010FA4
Just Dance 2018 (Europe) (En,Fr,De,Es,It,Nl)	D247245B833D6E18389D83F3F449798A
Just Dance 2018 (USA) (En,Fr,Es,Pt)	6E8351C73715C3398D0B012F951767BB
Just Dance 2019 (Europe) (En,Fr,De,Es,It,Nl)	79A24D0B463DC1B73C7B68E0A8F24540
Just Dance 2019 (USA) (En,Fr,Es,Pt)	BA6688346B514E1C7FA5466048A32748
Just Dance 4 (Europe) (En,Fr,De,Es,It,Nl)	55DFE5D6C0F026E5D21F482326CE40B3
Just Dance 4 (USA) (En,Fr,Es,Pt)	3446BA5E0730511E83C179EF30DB1498
Just Dance Kids 2014 (Europe) (En,Fr,Es)	43D852E557E334B1A5E33EB996B4FD3F
Just Dance Kids 2014 (USA) (En,Fr,Es)	5CF81CF7A17BFEE9902053BB1CF7FC68
Just Dance Wii U (Japan) (Rev 1)	B4636E7A6E0305DE59DAE9B31D08D568
Kamen Rider - Battride War II (Japan)	8674A221D8509D3E081FF8AE70FDFA55
Kamen Rider - Battride War II - Premium TV & Movie Sound Edition (Japan)	DAD3B23AA90EC60F789FA4A9E35D0FC7
Kamen Rider Summonride! (Japan)	2AA931021945E07CE9D70E8437F3EE68
Kirby and the Rainbow Curse (USA) (En,Fr,Es)	4BD0066D40A4DCF22564EDCC62034405
Kirby and the Rainbow Paintbrush (Europe) (En,Fr,De,Es,It)	B8095227BBCA7F592955CDB5A2847DAF
Legend of Kay - Anniversary (Europe) (En,Fr,De,Es,It)	BF2DF8A0ABAC0E6AD84ADD4CA1C41A65
Legend of Kay - Anniversary (USA) (En,Fr,De,Es,It)	2CDA989A5F128B82A39AD513D5FB09DD
Legend of Zelda, The - Breath of the Wild (Europe) (En,Fr,De,Es,It,Nl,Ru)	566FCA3A88AA9255456635EDE688FD0B
Legend of Zelda, The - Breath of the Wild (USA) (En,Fr,Es)	219FCB908520E9912D57444DFC136C23
Legend of Zelda, The - The Wind Waker HD (Europe, Australia) (En,Fr,De,Es,It)	86352AF010C87E10C4B39DBC42C874E9
Legend of Zelda, The - The Wind Waker HD (USA, Asia) (En,Fr,Es)	C0FE8AAEE5F6E7B5B1074A460906A28F
Legend of Zelda, The - Twilight Princess HD (Europe, Australia) (En,Fr,De,Es,It) (Rev 2)	474F74E81658E9AF5AE79C9075852D12
Legend of Zelda, The - Twilight Princess HD (USA) (En,Fr,Es) (Rev 2)	F765A1373AF2E9DF96987F8E8CDEC67F
LEGO Batman 2 - DC Super Heroes (Europe) (En,Fr,De,Es,It)	4DCD1FF8614CF5868B92A3FA43BD42BF
LEGO Batman 2 - DC Super Heroes (USA) (En,Fr,Es,Pt)	BC55AE4C7708C908262797D7FED9F66A
LEGO Batman 3 - Beyond Gotham (Europe) (En,Fr,De,Es,It,Nl,Da)	CF9F4BBF09EF7BC5D99EE0E1BFEF85ED
LEGO Batman 3 - Beyond Gotham (USA) (En,Fr,Es,Pt)	66B828D19B9740F3FD2137B94A5E0228
LEGO Batman 3 - The Game - Gotham kara Uchuu e (Japan)	B5CEF71ADFBE78EE68D99BC218CF58D9
LEGO City Undercover (Europe) (En,Fr,De,Es,It,Nl,Pt,Da,Ru)	819B5C1437FCBB556D1AA77C41A52EFD
LEGO City Undercover (Europe) (En,Fr,De,Es,It,Nl,Pt,Da,Ru) (Rev 1)	80A50C1D99A7026A8DBFC7F177AAC1CB
LEGO City Undercover (Japan)	EA83A621FD063D5D3A1693D8C902B5B6
LEGO City Undercover (USA) (En,Fr,Es)	231E47C5386393D8C144BE80C2F4457C
LEGO City Undercover (USA) (En,Fr,Es) (Rev 1)	B3D09B07A1168A99C61A8B81187F522E
LEGO Dimensions (Europe) (En,Fr,De,Nl,Da) (Rev 1)	6BC50D8F3BB532629DB4BD6CDE02452E
LEGO Dimensions (USA) (En,Fr,Es)	6CB5D1F92650122AB7631321781482DB
LEGO Jurassic World (Europe) (En,Fr,De,Es,It,Nl,Da)	3C093302BEC98D4D50D06BC5D719B9C4
LEGO Jurassic World (Japan)	D7FFD16C5BFCE1C814AE84945968EF07
LEGO Jurassic World (USA) (En,Fr,Es,Pt)	3E0CDAFCC2A22C3F4EB6E4B25C35BA50
LEGO Marvel Avengers (Europe) (En,Fr,De,Es,It,Nl,Da)	573CAB5ADBDE93AD9E329540DE094495
LEGO Marvel Avengers (Japan)	D77C9C0A25A6E11A0E9DF853C8DD280D
LEGO Marvel Avengers (USA) (En,Fr,Es,Pt)	1D9946577CC2D43620D70E9FC0A57929
LEGO Marvel Super Heroes (Europe) (En,Fr,De,Es,It,Nl,Da)	AB45E33A98F630D0B57BD2D4A94E8D16
LEGO Marvel Super Heroes (USA) (En,Fr,Es,Pt)	F1F9986BAEC0905556C166FD8179ED28
LEGO Marvel Super Heroes - The Game (Japan)	6AEE812891A538C831618569D9E9D6EB
LEGO Movie - The Game (Japan)	0939D6977E9A34D86379B26721E0406F
LEGO Movie, The - Videogame (Europe) (En,Fr,Es,It,Nl,Da)	0E6C10105E17473EC648D3169843620C
LEGO Movie, The - Videogame (Europe) (En,Fr,Es,It,Nl,Da) (Rev 1)	7463E61595FD756054D172AEF57C7C15
LEGO Movie, The - Videogame (USA) (En,Fr,Es,Pt)	1A573DD1F83C52B6C7940122E4717F39
LEGO Movie, The - Videogame (USA) (En,Fr,Es,Pt) (Rev 1)	CA09FF7EF481E3640A76C08996607757
LEGO Star Wars - Force no Kakusei (Japan)	FA34BE7B00D55E590E4F6142F9B713A2
LEGO Star Wars - The Force Awakens (Europe) (En,Fr,De,Es,It,Nl,Da)	0343CEC93FD106ECA24AECF639A40659
LEGO Star Wars - The Force Awakens (USA) (En,Fr,Es,Pt)	641C7BDE901E90DC10D0DF84F5EFC2B2
LEGO The Hobbit (Europe) (En,Fr,De,Es,It,Nl,Da)	6B2E41407B1874FACA3125A0EF52F0AA
LEGO The Hobbit (USA) (En,Fr,Es,Pt)	572011ED0D3EB69391309A3EEEA317F9
Luv Me Buddies - Wonderland (Europe) (En,Fr,De,Es,It)	701A770F50E085AAF7BA9A83EED81172
Madden NFL 13 (USA)	61C2705FC0E6DABD18C839C185715DAA
Mario & Sonic at Rio Olympic (Japan) (Rev 1)	14252BF79187C1E21284C5D9751B646A
Mario & Sonic at the Rio 2016 Olympic Games (Europe) (En,Fr,De,Es,It,Nl)	293B5E8386BEB65F59EBC31C1E62E626
Mario & Sonic at the Rio 2016 Olympic Games (USA) (En,Fr,Es)	B8773F9E1232E2C545E7EFF18FECD8B9
Mario & Sonic at the Sochi 2014 Olympic Winter Games (Europe) (En,Fr,De,Es,It,Nl,Ru)	16F79859846235CFF610931D7CD6B523
Mario & Sonic at the Sochi 2014 Olympic Winter Games (USA) (En,Fr,Es)	4D8AC30359B9311F0602883A778A6D07
Mario & Sonic at the Sochi Olympic (Japan) (Rev 1)	88D4D5028254BD3FF2D819A9343D10B9
Mario Kart 8 (Europe) (En,Fr,De,Es,It,Nl,Pt,Ru)	BD93EE20E2F0D3F368201ACD5FD08224
Mario Kart 8 (Europe) (En,Fr,De,Es,It,Nl,Pt,Ru) (Rev 1)	4E65ADBF3F1F84F24DD26AC720655582
Mario Kart 8 (Europe) (En,Fr,De,Es,It,Nl,Pt,Ru) (Rev 3)	8090F46A47BF382673F9C9675C4BD3C1
Mario Kart 8 (Europe) (En,Fr,De,Es,It,Nl,Pt,Ru) (Rev 4)	753D0B1B2C85EE658B7582BBFD5BD6E9
Mario Kart 8 (Japan)	82FCFAC6026DDBCCBE346B7986608E13
Mario Kart 8 (Japan) (Rev 1)	33A46589F448BF3BE9C9E3CBDB8D0434
Mario Kart 8 (Japan) (Rev 3)	906BA8A5B5233F9056C8CE3A0C66D618
Mario Kart 8 (USA) (En,Fr,Es)	C3F873C4E01EA02817E182898ECEBC74
Mario Kart 8 (USA) (En,Fr,Es) (Rev 2)	7660DDC9981F71887386D0497AB7A235
Mario Kart 8 (USA) (En,Fr,Es) (Rev 3)	67FAD26AF4693F2195A2D25566421C04
Mario Kart 8 (USA) (En,Fr,Es) (Rev 5)	3CFE4C1C395BCB5403269745656D3B98
Mario Party 10 (Europe) (En,Fr,De,Es,It,Nl,Pt,Ru)	E850B616569BDB7A098EDAE97596F74B
Mario Party 10 (Japan)	E28F29FC7002BD36F9D403D2A43B4E78
Mario Party 10 (USA) (En,Fr,Es)	2435BFA7DDB355A52B8C1BBD195DF257
Mario Tennis - Ultra Smash (Europe) (En,Fr,De,Es,It,Nl,Pt,Ru)	58B1A6E08D75273F4707529098CE1608
Mario Tennis - Ultra Smash (Japan) (Rev 1)	F4B89235D8E1010FA4DC34DB41A8D423
Mario Tennis - Ultra Smash (USA) (En,Fr,Es)	377FC584F97076035532051915D1FEFD
Mario vs. Donkey Kong - Minna de Mini Land (Japan)	30ECF546E80B388D928AC9E8EF3DBC1E
Marvel Avengers - Battle for Earth (Europe) (En,Fr,De,Es,It,Nl,Pl)	027C9557648A1A999AA7848319BB5EF2
Marvel Avengers - Battle for Earth (USA) (En,Fr,Es,Pt)	FD28826DBE69E1D2A82227EFD6C0B4A4
Mass Effect 3 - Special Edition (Europe) (En,Fr,De,Es,It)	55B5520F278B34E6BF41CA3052C6A159
Mass Effect 3 - Special Edition (USA) (En,Fr,Es)	6820A672BFCD6AA9C80E7952D1F1A1CF
Mass Effect 3 - Tokubetsu-ban (Japan)	BEAF69A8BA891BFBA03FF3661E4B452F
Mighty No. 9 (Europe) (En,Ja,Fr,De,Es,It,Pt,Ru)	F412955086C8801D312CB6375E3D5EC4
Mighty No. 9 (USA) (En,Ja,Fr,De,Es,It,Pt,Ru)	6B9422EC70AF54602B97E6B1A267224E
Minecraft - Story Mode - A Telltale Games Series - The Complete Adventure (Europe) (En,Fr,De,Es,Pt,Ru)	3A9457016EC0B8B71C06E2B2960FF542
Minecraft - Story Mode - A Telltale Games Series - The Complete Adventure (USA) (En,Fr,Es,Pt)	4B7B02D1486D02562F0C2E774F9F26D7
Minecraft - Wii U Edition (Europe) (En,Ja,Fr,De,Es,It,Nl,Pt,Zh,Ko,Ru) (Rev 1)	6F19C1DBD4B036E6C13FA8A472302B55
Minecraft - Wii U Edition (Japan) (Rev 1)	5BB41AFC94BF45A3D2A16D8345C22CF7
Minecraft - Wii U Edition (USA) (En,Ja,Fr,De,Es,It,Nl,Pt,Zh,Ko,Ru) (Rev 1)	5025AD7F09914B2A7E425E1EF3C9597B
Monster High - 13 Wishes (Europe) (En,Fr,De,Es,It,Nl,Sv,No,Da,Fi)	4B489B5A2714D6604152BAF198943F5D
Monster High - 13 Wishes (USA) (En,Fr,Es)	C8500172EFDBCDFD220BC4154ED9E5B3
Monster High - New Ghoul in School (Europe) (En,Fr,De,Es,It)	0F51510DBDA6D23C6D47616D977C4A3D
Monster High - New Ghoul in School (USA) (En,Fr,Es,Pt)	444ED862B752CEC70FFCF48BD4494908
Monster Hunter 3 Ultimate (Europe) (En,Fr,De,Es,It)	E99DB9BB9D3D7785F87268927E0CAF50
Monster Hunter 3 Ultimate (USA)	88865019789742191C1EAF0A7BE93390
Monster Hunter 3G - HD Ver. (Japan)	5CB14C5E34E6264E84717AD75C74867A
Monster Hunter Frontier G - Beginner's Package (Japan) (Rev 1)	4BB966EE838AF970992A8F575EA5791D
Monster Hunter Frontier G - Memorial Package (Japan)	A0B2BF967B682211065006C1F217AD7E
Monster Hunter Frontier G5 - Premium Package (Japan)	24F35768DEFC1EF91C27866B35EBE53F
Monster Hunter Frontier G6 - Premium Package (Japan)	F3EEBBF9253B84030B0A25283A892AE8
Monster Hunter Frontier G7 - Premium Package (Japan)	E247E97D7B297676B4BA973B35234041
Monster Hunter Frontier G8 - Premium Package (Japan)	444D38A2C790F716E6D4E33BF7C009B3
Monster Hunter Frontier G9 - Premium Package (Japan)	3FAE35294B531926D53F7051BA0E6832
Monster Hunter Frontier GG - Premium Package (Japan)	0BF597D063915A7687A43732801835F7
Musou Orochi 2 Hyper (Japan)	91AF2027847313B794CC4C10665394D6
NBA 2K13 (Europe) (En,Fr,De,Es,It)	B07B3374A766C2173C829243D66D01D8
NBA 2K13 (USA)	4764D871121860C33DEDC5BE4F0BC120
Need for Speed - Most Wanted U (USA) (En,Fr,Es)	5DF33C1CFFC42FD3365D6B1C552B7055
Need for Speed - Most Wanted U - A Criterion Game (Europe) (En,Fr,De,Es,It)	A788C28F192ECF1790C2050C1EF5BCB2
Need for Speed - Most Wanted U - A Criterion Game (Japan)	42077709C0EF3156201FDF99908AB5A6
NES Remix Pack (USA) (En,Fr,Es)	617C67F593C1E390C71BBB8CFB027879
New Super Luigi U (Europe) (En,Fr,De,Es,It,Nl,Pt,Ru)	2829DF9D2D2832232C9CA82B05ADD6C8
New Super Luigi U (Japan)	08B795BCF3F9D12D65873C38E54146AB
New Super Luigi U (USA) (En,Fr,Es)	36CBF412298A38BABD2E481E1356F7BB
New Super Mario Bros. U (Europe) (En,Fr,De,Es,It,Nl,Pt,Ru)	04AC7A687613016D99D067E5F894C5D9
New Super Mario Bros. U (Japan)	E459A4DB064F0B67B96F0DEBD3FB0A75
New Super Mario Bros. U (USA) (En,Fr,Es) (Rev 2)	185F9D54D98599AB5FC4ACEC76E86645
New Super Mario Bros. U + New Super Luigi U (Europe) (En,Fr,De,Es,It,Nl,Pt,Ru)	00700CA77166D15C11A833EDF74ADC79
New Super Mario Bros. U + New Super Luigi U (USA) (En,Fr,Es)	D9139F95F9B4F071AC1D1E6DC74C54E5
Nickelodeon SpongeBob SquarePants - Plankton's Robotic Revenge (Europe) (En,Fr,De,Es,It,Nl,Sv)	A758CFF93181EE8445A0E2095758B5F9
Nickelodeon SpongeBob SquarePants - Plankton's Robotic Revenge (USA) (En,Fr)	BEB23E52BA3058C5DDF671B9A7006938
Ninja Gaiden 3 - Razor's Edge (Europe) (En,Ja,Fr,De,Es,It)	DB06FB7202291147C75D95DBF4528C28
Ninja Gaiden 3 - Razor's Edge (Japan)	0B3AC1A5163DD8EB221AA1D92EFB12A6
Ninja Gaiden 3 - Razor's Edge (USA) (En,Ja,Fr,De,Es,It)	641CE778521E730CDDD02208D8F842E5
Nintendo Land (Europe) (En,Fr,De,Es,It,Nl,Pt,Ru)	EF73C338CF794C103C6A3DE878EDA33C
Nintendo Land (Japan)	10C0A82F64A367D23D6CBD20820A0DD0
Nintendo Land (USA) (En,Fr,Es)	B0D8491C8B9835DC98057723ED2200CA
One Piece - Unlimited World R (Japan)	230862D5EBE7912C95B2A278D713E280
One Piece - Unlimited World Red (Europe) (En,Fr,De,Es,It)	E8A58307CDB875216E8CA897259B7AD9
Pac-Man and the Ghostly Adventures (Europe) (En,Fr,De,Es,It)	627F740726051470C78ABB6AB551F687
Pac-Man and the Ghostly Adventures (USA) (En,Fr,Es,Pt)	5B6A1A6F65200A6569A78FEE7CC4C591
Pac-Man and the Ghostly Adventures 2 (Europe) (En,Fr,De,Es,It)	336BB7F114C0357F45E6EDCD66C72219
Pac-Man and the Ghostly Adventures 2 (USA) (En,Fr,Es,Pt)	73481153B9E48796902837ADA9093657
Paper Mario - Color Splash (Europe) (En,Fr,De,Es,It,Nl,Pt,Ru)	A73AB40A6350A025F5EA520D1DA6DD76
Paper Mario - Color Splash (Japan)	D59C20CAE3937741229256BF6EB7D371
Paper Mario - Color Splash (USA) (En,Fr,Es)	58504EC80BC4420117FF0951950171EB
Pikmin 3 (Europe) (En,Fr,De,Es,It)	9BFA97AE658C60428249100E48A00CF1
Pikmin 3 (Japan)	2F4B4ADCF9CEA8F6C13B1AE87C5056F2
Pikmin 3 (USA) (En,Fr,Es) (Rev 1)	2ADECDD154FBFE2C2E56EF27F8344796
Pokken - Pokken Tournament (Japan)	1F02E7DEC3E6E95DEC6E5A12618DD149
Pokken Tournament (Europe) (En,Fr,De,Es,It)	D27B9172AE3307FB2445878CEA4B6021
Pokken Tournament (USA) (En,Fr,Es)	FCBEE38EE8CC403B97848FF201B40BD7
Project Zero - Maiden of Black Water (Europe) (En,Fr,De)	5AA4FE0667D718C33DFC1685C0F61058
Puyo Puyo Tetris (Japan)	9D840FF2F5F57D1C963B6A97AFCA1451
Rabbids Land (Europe) (En,Fr,De,Es,It,Nl,Ru)	C6FEA5A33B5CFBE89404FC91DD7779BB
Rabbids Land (Japan)	DDB5A9AFD8AE208AE249CC4F64156648
Rabbids Land (USA) (En,Fr,Es,Pt)	0E254CBD5F95A4246743DAD6E01A4D63
Rapala Pro Bass Fishing (USA)	D1D068A87727BD741ACA74E835C219A3
Rayman Legends (Europe) (En,Fr,De,Es,It,Nl)	88D3C286CF57ACF1BCFA4C1973650487
Rayman Legends (Japan)	120FE8372A858BB7D92F121642E8205B
Rayman Legends (USA) (En,Fr,Es)	DEA0E7C621DCF00A8890E0A314348505
Resident Evil - Revelations (Europe) (En,Ja,Fr,De,Es,It,Nl,Pt,Pl,Ru) (Rev 1)	B61E04DF91ED22FBE0C298546B679F70
Resident Evil - Revelations (USA) (En,Ja,Fr,De,Es,It,Nl,Pt,Pl,Ru) (Rev 1)	114BB6977415F3368A3DEB1A65184F87
Rodea the Sky Soldier (Europe) (En,Ja,Fr,De)	55CEA820A02EA9C08AFAF4AA68212CE0
Rodea the Sky Soldier (Japan)	6656E8564BE9934005E35B1F0F14023C
Rodea the Sky Soldier (USA) (En,Ja,Fr,De)	4CC29437CF27F82B4A9AC6F66C318540
Runbow - Deluxe Edition (USA) (En,Ja,Fr,De,Es,It)	FACA8D7CAD8D4908363CF1C37F83E068
Ryuu ga Gotoku 1 & 2 HD for Wii U (Japan)	63AE74B096B799B98097F423B366EA0F
Sangokushi 12 (Japan)	4AE1AAD7F0A97B5B6C03DA8B3EC40C5C
Sangokushi 12 with Power-Up Kit (Japan)	1C6C3CFCE5C153C00774C645D908F45B
Scribblenauts Unlimited (Australia)	49175D9FD8C7E8362C90082C850A25B9
Scribblenauts Unlimited (Europe) (En,Fr,De,Es,It,Nl)	A3684F4C3CBAAB38A048A7296759D5CB
Scribblenauts Unlimited (Europe) (En,Fr,De,Es,It,Nl) (Rev 1)	502B4949996F6F09122D3337FBFA8C62
Scribblenauts Unlimited (USA) (En,Fr,Es,Pt)	27D0AD69DE06ABCAD8424E0360731E15
Scribblenauts Unmasked - A DC Comics Adventure (Australia)	BAD60F7DA123609C2DD7BE530B150257
Scribblenauts Unmasked - A DC Comics Adventure (USA) (En,Fr,Es,Pt)	F381A211C0D02B0EAFA9EB9EA45605FD
Shakedown - Hawaii (USA)	D6E2146B0ED2F4CB81A108F5B6B2CB75
Shantae - Half-Genie Hero (USA) (En,Fr,Es)	CC5E1377413B7742B4E9684E1DDC505C
Shin Hokuto Musou (Japan)	1B22EA063B8A4C5E8C45D90CCE0DD033
Shmup Collection (Europe)	FF37489D0FE65074B6FD4C9995F47AF9
Shovel Knight (Europe) (En,Fr,De,Es,It)	830F0FFB378184C3612F122517D2C0D5
Shovel Knight (USA)	300E8F133A7BC334786812AB295AB1BE
Simple Series for Wii U Vol. 1 - The Family Party (Japan)	DAACDF830CBC001C72EFABFE535641D0
SiNG Party (Europe) (En,Fr,De,Es,It,Nl,Pt,Ru)	A50C70803ED18D42A83ADCC382E61294
SiNG Party (USA) (En,Fr,Es,Pt)	90B0951652312B7AAEA729DF9C5B1426
Skylanders - Giants (Europe) (En,Fr,De,Es,It,Nl,Sv,No,Da,Fi)	150452314D8C238409AC51CF3155516A
Skylanders - Giants (USA) (En,Fr,Es,Pt)	C69C2C6791441916DE9D2A0E002226C7
Skylanders - Imaginators (Europe) (En,Fr,De,Es,It,Nl,Sv,No,Da,Fi)	5C90ACC4F8FEBBBBE2D07C1359376993
Skylanders - Imaginators (Europe) (En,Fr,De,Es,It,Nl,Sv,No,Da,Fi) (Demo)	D4E95D350D4ADD1E5547BBDDDBA60331
Skylanders - Imaginators (USA) (En,Fr,Es,Pt)	ABECC2CF323EA008A8A693571562E77E
Skylanders - Spyro no Daibouken (Japan)	BD113111AF8EA29D298694DB0E79609F
Skylanders - SuperChargers (Europe) (En,Fr,De,Es,It,Nl,Sv,No,Da,Fi)	41C17410A07D766E23FE01999992127C
Skylanders - SuperChargers (USA) (En,Fr,Es,Pt)	6055EAAE3C6AF7531E4E777954E5DE1F
Skylanders - Swap Force (Europe) (En,Fr,De,Es,It,Nl,Sv,No,Da,Fi)	7B8F1EABECAC3E0A553FCA692A5FB818
Skylanders - Swap Force (USA) (En,Fr,Es,Pt)	4BBA5AF03E13B17033FD5058DDEE165B
Skylanders - Trap Team (Europe) (En,Fr,De,Es,It,Nl,Sv,No,Da,Fi)	9341B9A2B220D3E66D6D6236B1544321
Skylanders - Trap Team (USA) (En,Fr,Es,Pt)	4EDD875E6FC23B7BAF9FBD9A39819590
Smurfs 2, The (Europe) (En,Fr,De,Es,It,Nl,Sv,No,Da)	2580689AB932FBE964B73804AB4C09FA
Smurfs 2, The (USA) (En,Fr,Es)	6936466DA81DBDD2FB87BDA757A78AFC
Sniper Elite V2 (Europe) (En,Fr,De,Es,It)	A8CAC8D4055320B80216D1A5EDC714A4
Sniper Elite V2 (Japan)	7F61E182FAB13B67E992485014E9F704
Sniper Elite V2 (USA) (En,Fr,Es)	07B4FEC36FB501A5B22B72B32A1C905C
Snoopy's Grand Adventure (Europe) (En,Fr,De,Es,It,Nl,Sv)	C9939CCA2240CD9F9BC77383E0089177
Snoopy's Grand Adventure (USA) (En,Fr)	8B995A70CA24A13E55785794B59DEEBE
Sonic & All-Stars Racing Transformed (Europe) (En,Fr,De,Es,It)	E2C3EA7209D348070AECDA735546043D
Sonic & All-Stars Racing Transformed (Japan)	26EF87A73380FD03AFAF9D38255B8547
Sonic & All-Stars Racing Transformed (USA) (En,Fr,Es)	14FC7D05A34AE9E293A320A8A73AC8AF
Sonic Boom - Rise of Lyric (Europe) (En,Fr,De,Es,It)	5E1995CD6CB32BD02F6C5365AA864BD9
Sonic Boom - Rise of Lyric (USA) (Beta) (2004-07-18)	228DD4CECA23952E4E1A4B3F0FF7EA71
Sonic Boom - Rise of Lyric (USA) (En,Fr,Es)	292B2EEEC01B51F0170ECD6E473AD26C
Sonic Lost World (Europe) (En,Ja,Fr,De,Es,It)	BD0290B865D2562894BCDBFA119D3035
Sonic Lost World (Japan)	37EDE0A751723B2062387CCC796FF06C
Sonic Lost World (USA) (En,Ja,Fr,De,Es,It)	99BC84DB36303155E70B5C9869CE4E86
Sonic Toon - Taiko no Hihou (Japan)	9EDB7A1BCE77B230BBC7495C00730BD7
Splatoon (Europe) (En,Fr,De,Es,It)	0A86710661B48CBC08F51DE03ED7423E
Splatoon (Japan)	67552115D4ABD9C0E0D633A0FA1ABD52
Splatoon (Japan) (Rev 2)	8A07D7191825AB59BB59A803456FCA28
Splatoon (USA) (En,Fr,Es)	939AA943C9CE3E429B8A458317E434B4
Splatoon (USA) (En,Fr,Es) (Rev 2)	373F1DF125FDAFB343897D434DEEE1D1
Sports Connection (Europe) (En,Fr,De,Es,It,Nl,Ru,Ca)	513D347DDC4E502A07A122EC989C5FEA
Sports Connection (Japan)	F22FAAD7B90A1E840DB74674DE450C2B
Star Fox Guard (Europe) (En,Fr,De,Es,It)	7549A0383DBD3E7FCB70D7F5D52517E5
Star Fox Guard (Japan)	6FFC8FF2CD32BA778FC80716CC7918A2
Star Fox Guard (USA) (En,Fr,Es)	5BA5903CD8BA46D8FDFC4E981C5CAA34
Star Fox Zero (Europe) (En,Fr,De,Es,It)	031C2228777B77FC6AFBF8EC7F0A2E84
Star Fox Zero (Japan)	8D7B60329366F6EB99FE6E985A34D236
Star Fox Zero (USA) (En,Fr,Es)	5948A2BBF54A79000763735082657215
SteamWorld Collection (Europe) (En,Ja,Fr,De,Es,It,Ru)	F07BE7F8B7337CE2BD5C945BC7516527
SteamWorld Collection (USA) (En,Ja,Fr,De,Es,It,Ru)	EA99EC0D442D180AC8BFDBEEBD0FB096
Super Mario 3D World (Europe) (En,Fr,De,Es,It,Nl,Pt,Ru) (Rev 1)	78A89F4DB548D4F8937E31DF99447462
Super Mario 3D World (Japan)	59CFEAF4E9A4DB13809C3533EBDB9500
Super Mario 3D World (USA) (En,Fr,Es)	E23AEA154F1428156D25BFCC40F63856
Super Mario 3D World (USA) (En,Fr,Es) (Rev 2)	4902CBFBAD738409EC39A5374365E10C
Super Mario Maker (Europe) (En,Fr,De,Es,It,Nl,Pt,Ru)	03650CD0E681B2117EB7044129C6B8B5
Super Mario Maker (Japan)	1F140E8A774AD188A0150A4D2FBD4358
Super Mario Maker (USA) (En,Fr,Es)	CA799B135E633336E9A918612B0A3225
Super Mario Maker (USA) (En,Fr,Es) (Rev 4)	D2F526BEE6B5134FEDB661FB3BB3474F
Super Mario Maker (USA) (En,Fr,Es) (Rev 5)	37FB25EF4C6E537ED459A9218B4AFDD0
Super Smash Bros. for Wii U (Europe) (En,Fr,De,Es,It,Nl,Pt,Ru)	36262B5F49C69164E3BE2BB87C9922A7
Super Smash Bros. for Wii U (Europe) (En,Fr,De,Es,It,Nl,Pt,Ru) (Rev 1)	F74AC75153EB4208E220A6B637A0A734
Super Smash Bros. for Wii U (Europe) (En,Fr,De,Es,It,Nl,Pt,Ru) (Rev 4)	A4C6B22CD75A48A2F695096762956474
Super Smash Bros. for Wii U (Europe) (En,Fr,De,Es,It,Nl,Pt,Ru) (Rev 6)	AB3375D6CA04DC139481FBA88AB4C9D9
Super Smash Bros. for Wii U (USA) (En,Fr,Es)	A851D78AB8F0A6FE1E93CFCEAF99A179
Super Smash Bros. for Wii U (USA) (En,Fr,Es) (Rev 1)	2561DB73B1D66446836ED51607A5A7E6
Super Smash Bros. for Wii U (USA) (En,Fr,Es) (Rev 10)	22DC5ACC56F6FB172600521191D6E73D
Super Smash Bros. for Wii U (USA) (En,Fr,Es) (Rev 2)	1363C0665D0CC464C8902A092A55009D
Super Smash Bros. for Wii U (USA) (En,Fr,Es) (Rev 3)	80E97029B7C6DEECDBA923B2223B4A06
Super Smash Bros. for Wii U (USA) (En,Fr,Es) (Rev 4)	7D95C1947ABA9FA5C1870D1DA833F878
Super Smash Bros. for Wii U (USA) (En,Fr,Es) (Rev 5)	F65DB3F01E76DD67CBBE1FEAFAEC4867
Super Smash Bros. for Wii U (USA) (En,Fr,Es) (Rev 6)	741ED16611E626E92DD72AB9BFB9927D
Super Smash Bros. for Wii U (USA) (En,Fr,Es) (Rev 9)	80369691A3EA49287C30E5640563EB6A
Susume! Kinopio Taichou (Japan)	BC9A937C11E346AC4ED144266310736A
Susume! Kinopio Taichou (Japan) (Rev 1)	7242A537B3D65A791761A64C88A259E7
Taiko no Tatsujin - Atsumete Tomodachi Daisakusen! (Japan)	56E09B338874186DE1A3D95B89647B8E
Taiko no Tatsujin - Tokumori! (Japan)	0515944351532D3A452BBC68343035F1
Taiko no Tatsujin - Wii U Version! (Japan)	83038438B1635C0A8086D5E6B4689DC4
Tank! Tank! Tank! (Europe) (En,Fr,De,Es,It)	2BA87FE6E4D066799AEBE29BE56C01A6
Tank! Tank! Tank! (Japan)	FFC229D8E7F0EFDE71AB40D2A9EEA1E7
Tank! Tank! Tank! (USA) (En,Fr,Es)	6EFF589114DCC07E9AA4CA9417B0AA30
Tekken Tag Tournament 2 - Wii U Edition (Europe) (En,Fr,De,Es,It) (Rev 1)	E6A5450B9048E6F6E2968EE81CE1A442
Tekken Tag Tournament 2 - Wii U Edition (Japan)	55B445302D967EB9DF8AFCDCB7C089DD
Tekken Tag Tournament 2 - Wii U Edition (USA) (En,Fr,Es) (Rev 1)	8FB609473E7B51C9AEF51DC0F090A9DC
Terraria (Europe) (En,Fr,De,Es,It)	6887771454CFDF7CE19540CBB0996CDE
Terraria (Japan)	60E0929BC749DC723694E7A1ECE22142
Terraria (USA) (En,Fr,Es)	A5C76D76B873306258171C52C96C5E5F
Teslagrad (Europe) (En,Fr,De,Es,It)	7E15BFFF892CB261A5662305619B3B4D
Tokyo Mirage Sessions FE (Europe)	20AC00AA36C1D3DF26550C06979CBA3E
Tokyo Mirage Sessions FE (USA)	03924472BB160957E14D892EE7C2A10F
Tom Clancy's Splinter Cell - Blacklist (Europe) (En,Fr,De,Es,It,Nl,Ru)	C3D1442D1C1A269E64DD72B08711FB60
Tom Clancy's Splinter Cell - Blacklist (Japan)	9F5EE8A3F6D37D96791F1ED004D5A4BA
Tom Clancy's Splinter Cell - Blacklist (USA) (En,Fr,Es,Pt)	35443744B1D21C30FF931CBBC0BEFB23
Touch! Kirby Super Rainbow (Japan)	C8082A64B5613D9600C38460271DCA4D
Transformers - Rise of the Dark Spark (Europe) (En,Fr,De,Es,It)	557584668500DBAB4636E11458FE6CF0
Transformers - Rise of the Dark Spark (USA) (En,Fr)	729B87D180078CDE7EE56986F445781B
Transformers Prime - The Game (Europe) (En,Fr,De,Es,It,Nl,Sv)	1086C8BEB294E2EBB0D6EDBE1DCE3097
Transformers Prime - The Game (USA) (En,Fr)	94AFBB1BB6F2261C2AAD7FECA66E0CD4
Tumblestone (USA)	EE55929AC5B6D9B4AA537817AC16912F
Voice, The - I Want You (USA)	2D5735E83D28B0075EA893191D612A33
Walking Dead, The - Survival Instinct (Europe) (En,Fr,De,Es,It)	167F2B3A8602ABEC7D79D9A72EC4D8BE
Walking Dead, The - Survival Instinct (USA)	71B1E4BD261E3BBA069BC12DF8551313
Warriors Orochi 3 Hyper (Europe) (En,Fr,De,Es,It)	6CE257ACDE3B3B159F000A52C57DB30A
Warriors Orochi 3 Hyper (USA)	4E9B853A1B0BCDFBC4A41D7AAD9F1DF8
Watch Dogs (Japan)	F57F5CCC83CCFA2FF9072CDD91D9560E
Watch_Dogs (Europe) (En,Fr,De,Es,It,Nl,Pt,Ru)	8774FFDC363F27F678E7FF404DCC12CE
Watch_Dogs (USA) (En,Fr,Es,Pt)	5A5B5FEF63FADE1603497770FA43A394
Wheel of Fortune (USA)	2E48FD0DF70648537F17B6769E7F888D
Wii Fit U (Europe) (En,Fr,De,Es,It) (Rev 2)	B92CA4C9C63F28511C5E94F22526F2AE
Wii Fit U (Japan) (Rev 3)	7018CD0591C51660788DE59EB0EA933B
Wii Fit U (USA) (En,Fr,Es) (Rev 2)	A5997D1423310D7D9BE571B306950558
Wii Karaoke U (Japan) (Trial Disc) (Rev 1)	EF3C6DB7DB0B4EC28E61ACBAA7D524F2
Wii Party U (Europe) (En,Fr,De,Es,It,Nl,Pt,Ru) (Rev 1)	9A609EFBCDA2EE4466436B4D8A14B8BE
Wii Party U (Japan) (Rev 2)	292BFB20F1E6B46FC3BD62AEE253A9A6
Wii Party U (USA) (En,Fr,Es) (Rev 1)	02B7522A5D67D795985F7686CB78D0AF
Wii Sports Club (Europe) (En,Fr,De,Es,It,Nl,Pt,Ru) (Rev 1)	FF966E6749CF9A7675E6C8CC0B9E0AC0
Wii Sports Club (Japan) (Rev 1)	A7B2914E912F5A7DCAFFFA7800F491ED
Wii Sports Club (USA) (En,Fr,Es) (Rev 1)	E169B720DC634C8E8F0EC38B946FC25B
Wonderful 101, The (Europe) (En,Fr,De,Es,It)	163A438DAB9DE5B898715BD8948F9789
Wonderful 101, The (Japan)	C61CAD66CC19F2220914DD43B100EC22
Wonderful 101, The (USA) (En,Ja)	473D3242335124DF069616DE03EEB926
Wonderful 101, The (USA) (En,Ja) (Rev 1)	B9EB36CA9797114AC212F3A1856DDF13
Xenoblade Chronicles X (Europe) (En,Fr,De,Es,It)	C04AE37F8313055AECB61707529AC2A6
Xenoblade Chronicles X (USA) (En,Fr,Es)	A979F995A67CAF73814ED7AD94E58EE6
Xenoblade X (Japan)	AAEFA99D6A1034E624CA74DE30AF6F61
Yoshi Wool World (Japan) (Rev 1)	48D1177D0CFBCA2661F92AF705C2466E
Yoshi's Woolly World (Europe) (En,Fr,De,Es,It,Nl)	C740789881619E80EC2443DFC0C099AC
Yoshi's Woolly World (USA) (En,Fr,Es)	374571E792A70836FD069EFEADD24757
Youkai Watch Dance - Just Dance Special Version (Japan)	13E3667C2E3D51F3BE1FF45C35FE56B5
Your Shape - Fitness Evolved 2013 (Europe) (En,Fr,De,Es,It)	89AA9745B4636A4BF0F530CF33E7E604
Your Shape - Fitness Evolved 2013 (USA) (En,Fr,Es)	92398F89868C4E4D907B13A8383D1DED
Zelda Musou (Japan) (Rev 1)	EC8F16FCD9F6E2EFFD8770B00D950BC0
Zelda no Densetsu - Breath of the Wild (Japan)	E420E9F43618FCCF99460E0B1A5FED99
Zelda no Densetsu - Kaze no Takuto HD (Japan)	CE93ABFF035BA66D9D6AB05C26D60430
Zelda no Densetsu - Twilight Princess HD (Japan) (Rev 1)	01A9EA0BD2699C1FF482CB48AB4055C4
Zero - Nuregarasu no Miko (Japan)	05A671A5B66303284D885CE556E7872A
ZombiU (Europe) (En,Fr,De,Es,It,Nl,Ru)	15B16B7F848D8759C4E27C706F5093DE
ZombiU (Germany) (En,De)	71CAC7A8237CCC763931B85CCE69FCE3
ZombiU (Japan)	560A0B2360BFA88928E67DC905ABFB98
ZombiU (USA) (En,Fr,Es,Pt)	FD6FB49CF1098BEFD684207F2F715842
Zumba Fitness - World Party (Europe) (En,Fr,De,Es,It)	E410056B5A826873AF61DCF93BD868DB
Zumba Fitness - World Party (Japan) (En,Ja)	3BD6EDFC8865ECF22DB589415C5C57EE
Zumba Fitness - World Party (USA)	CD9E7D2A29334D2B520BB9E887F9D7A6
